Number_of_topics,Beta,c_v,u_mass,c_uci,c_npmi
25,0.001,0.465306243,-1.703200425,0.076490232,0.04274145
25,0.005,0.465655239,-1.70399816,0.075807955,0.042705759
25,0.01,0.466296696,-1.712952782,0.070295269,0.042609371
25,0.05,0.457526691,-1.747891303,-0.061194757,0.036364083
20,0.001,0.439463845,-1.694650264,-0.077532816,0.033899097
20,0.005,0.439463845,-1.695198591,-0.077532816,0.033899097
20,0.01,0.439463845,-1.695058182,-0.077532816,0.033899097
25,0.1,0.452783715,-1.803068339,-0.147230675,0.03312457
20,0.05,0.43690938,-1.729428492,-0.140952022,0.03114246
20,0.1,0.431827609,-1.788903704,-0.230431128,0.027810812
35,0.001,0.456322306,-1.917121327,-0.322081705,0.027458439
35,0.005,0.457206595,-1.919761572,-0.327514604,0.027390961
35,0.01,0.457206595,-1.916584077,-0.327514604,0.027390961
30,0.05,0.446171647,-1.800062279,-0.319732096,0.026331539
30,0.005,0.447648548,-1.857319092,-0.360890186,0.026058982
30,0.01,0.447532269,-1.853071382,-0.362383352,0.025934638
30,0.001,0.446938456,-1.870593785,-0.378235161,0.025465172
35,0.05,0.456579487,-1.910404022,-0.371601,0.025313901
35,0.1,0.448528526,-1.945711747,-0.421549414,0.024812897
30,0.1,0.437061732,-1.840183831,-0.385224657,0.023290742
20,0.5,0.432751735,-2.001526298,-0.5112381,0.020841598
25,0.5,0.442141894,-2.050272478,-0.513791386,0.020588884
40,0.01,0.44141003,-2.035064383,-0.553188164,0.017460507
40,0.001,0.440644357,-2.037839734,-0.550439818,0.017182039
40,0.005,0.440644357,-2.040086852,-0.550439818,0.017182039
40,0.05,0.435922832,-2.078406025,-0.658429064,0.012735426
40,0.1,0.431250369,-2.109604504,-0.740802733,0.009802647
25,1,0.435876839,-2.404911138,-0.876951942,0.009153907
20,1,0.450437434,-2.526495295,-0.910467435,0.00808451
35,0.5,0.447427717,-2.339968651,-1.022728153,0.006598565
45,0.01,0.420220438,-2.207484805,-0.853036846,0.005814165
45,0.001,0.419133472,-2.230391227,-0.861770106,0.004859738
30,0.5,0.436844605,-2.315796255,-1.02588813,0.004322872
45,0.005,0.418021531,-2.245913239,-0.886984654,0.003918297
45,0.05,0.421106562,-2.296399955,-0.950869463,0.00341096
45,0.1,0.421966654,-2.351521846,-1.004875769,0.001027467
62,0.01,0.429429737,-2.331839956,-1.096259448,-0.001137317
61,0.003,0.433113357,-2.346739474,-1.082989453,-0.001244577
62,0.009,0.429056028,-2.33162232,-1.100159447,-0.00140228
61,0.001,0.433039895,-2.342849832,-1.095578743,-0.001857313
61,0.007,0.432363562,-2.348106496,-1.100978983,-0.002191957
62,0.001,0.425911444,-2.358661009,-1.123454754,-0.002303773
61,0.005,0.43240069,-2.352782603,-1.110417895,-0.002510886
62,0.007,0.42655073,-2.364987585,-1.138107594,-0.002875729
62,0.005,0.426541401,-2.364687672,-1.138696999,-0.002939673
50,0.01,0.416619255,-2.409174033,-1.090257591,-0.003142411
62,0.003,0.425392614,-2.370273699,-1.140577924,-0.003145381
62,0.03,0.427996291,-2.372384684,-1.144940947,-0.003191265
50,0.001,0.418928753,-2.4350077,-1.118079349,-0.004117854
55,0.01,0.420469566,-2.245700337,-1.090965797,-0.004221307
62,0.05,0.425195885,-2.382011418,-1.156446709,-0.004339149
55,0.005,0.419588085,-2.241075652,-1.098432412,-0.004357117
50,0.005,0.418637619,-2.436867973,-1.125256348,-0.004467906
61,0.01,0.428568165,-2.367758413,-1.148339248,-0.004477083
61,0.009,0.428651484,-2.361475661,-1.151870855,-0.004490794
55,0.001,0.419337461,-2.255400013,-1.107302328,-0.004691085
63,0.001,0.41728957,-2.398497969,-1.214276551,-0.007334535
63,0.003,0.417395877,-2.399280608,-1.21457555,-0.007353885
69,0.007,0.419717691,-2.355253624,-1.214041825,-0.007406634
63,0.007,0.418132314,-2.404366248,-1.222258459,-0.007413491
66,0.003,0.417872993,-2.334947392,-1.197806747,-0.007489516
50,0.05,0.417529485,-2.470882872,-1.226433129,-0.00751674
63,0.005,0.41746396,-2.395828226,-1.223417428,-0.007625252
69,0.001,0.419953102,-2.35973028,-1.224815196,-0.007793294
69,0.005,0.420119434,-2.361468115,-1.227733485,-0.00787518
69,0.003,0.419649767,-2.363163608,-1.235829136,-0.008172724
55,0.05,0.417992085,-2.264109179,-1.190717894,-0.008189851
60,0.007,0.418201286,-2.378811649,-1.247872439,-0.008481001
63,0.009,0.417569984,-2.41699438,-1.253267356,-0.00857152
63,0.01,0.417569984,-2.417766559,-1.253267356,-0.00857152
66,0.001,0.416411455,-2.33286687,-1.222837851,-0.008685256
60,0.001,0.419094945,-2.388770489,-1.257646926,-0.008691607
60,0.001,0.419094945,-2.388770489,-1.257646926,-0.008691607
60,0.005,0.418355296,-2.378704301,-1.254288509,-0.008736313
60,0.005,0.418355296,-2.378704301,-1.254288509,-0.008736313
60,0.003,0.418800557,-2.383305899,-1.259282279,-0.008783825
66,0.007,0.417129703,-2.356322939,-1.227893263,-0.008796356
62,0.07,0.420616686,-2.425031875,-1.274686892,-0.008903231
66,0.009,0.41798252,-2.350806318,-1.241808555,-0.009022662
66,0.01,0.41798252,-2.350966424,-1.241808555,-0.009022662
30,1,0.435109037,-2.858729243,-1.451008316,-0.009179811
66,0.005,0.416636044,-2.361617719,-1.241564219,-0.009282167
62,0.1,0.421294977,-2.455969511,-1.299540988,-0.00940638
45,0.5,0.429733444,-2.70620224,-1.43553512,-0.009603809
55,0.1,0.417264712,-2.35713307,-1.281017863,-0.010111727
64,0.05,0.415569159,-2.505553177,-1.32520942,-0.010141541
64,0.009,0.419252588,-2.523821024,-1.345165201,-0.010372704
64,0.005,0.419885321,-2.524539947,-1.341488077,-0.010614644
64,0.007,0.419780903,-2.520805704,-1.340076202,-0.010649743
61,0.03,0.418127757,-2.442618936,-1.294475988,-0.010707042
64,0.01,0.418624722,-2.538543525,-1.357720494,-0.010822275
64,0.001,0.420007479,-2.497358611,-1.348319802,-0.010907669
69,0.009,0.417655647,-2.398630533,-1.314967428,-0.010932625
60,0.009,0.418672069,-2.392916559,-1.298915953,-0.011097973
68,0.007,0.416086833,-2.355910332,-1.308508003,-0.011128354
64,0.003,0.419900636,-2.505289906,-1.354274328,-0.011140107
50,0.1,0.414987318,-2.508330889,-1.344696464,-0.011276108
64,0.03,0.413683155,-2.493688409,-1.34531035,-0.011329119
60,0.01,0.418658832,-2.40208649,-1.311320273,-0.01144386
60,0.01,0.418658832,-2.40208649,-1.311320273,-0.01144386
66,0.03,0.413352081,-2.35537978,-1.275090762,-0.011444954
68,0.005,0.415624773,-2.367412464,-1.320004613,-0.011522395
69,0.03,0.417764161,-2.399532572,-1.340089904,-0.011644347
69,0.05,0.413796252,-2.450966198,-1.330617406,-0.011848203
69,0.01,0.416305937,-2.402765643,-1.332920815,-0.011864971
60,0.03,0.418025917,-2.416950399,-1.34608224,-0.011964902
40,0.5,0.434730922,-2.648827602,-1.493053261,-0.012157066
61,0.05,0.415593559,-2.464281027,-1.366217378,-0.012387993
68,0.001,0.414793977,-2.372282125,-1.331481032,-0.012426439
62,0.09,0.419047172,-2.469818176,-1.349040791,-0.012517448
68,0.003,0.414648347,-2.378021165,-1.339622373,-0.012678094
60,0.05,0.417072082,-2.426567022,-1.347112129,-0.012692493
60,0.05,0.417072082,-2.426567022,-1.347112129,-0.012692493
68,0.01,0.415894968,-2.401996648,-1.357211685,-0.012850816
65,0.007,0.414714749,-2.429366571,-1.363299887,-0.013172725
64,0.07,0.414155256,-2.53844149,-1.411145749,-0.0135945
68,0.009,0.416383485,-2.40585653,-1.376192759,-0.013595592
67,0.001,0.419677636,-2.485708652,-1.382198072,-0.013676228
66,0.05,0.410219733,-2.405215349,-1.344219172,-0.013704458
65,0.001,0.413183584,-2.429020593,-1.377809876,-0.01378335
65,0.001,0.413183584,-2.429020593,-1.377809876,-0.01378335
63,0.03,0.413496714,-2.509797761,-1.393093779,-0.01380961
61,0.07,0.417827148,-2.53037476,-1.421669615,-0.013914615
65,0.005,0.414040522,-2.43937409,-1.383519408,-0.013986283
65,0.005,0.414040522,-2.43937409,-1.383519408,-0.013986283
61,0.1,0.42198082,-2.605350941,-1.459081694,-0.014026026
65,0.003,0.413667533,-2.434368383,-1.38906528,-0.014069967
67,0.003,0.419295014,-2.499886052,-1.398528029,-0.014314735
69,0.07,0.4139467,-2.495010899,-1.434940965,-0.014510279
67,0.005,0.419660916,-2.496235771,-1.406190679,-0.014546921
69,0.1,0.415133295,-2.571248097,-1.466325861,-0.014630151
68,0.03,0.417734371,-2.464691596,-1.426739443,-0.014750214
67,0.007,0.420416339,-2.496074241,-1.412783605,-0.014770343
60,0.1,0.416341321,-2.495099442,-1.452625058,-0.014982934
60,0.1,0.416341321,-2.495099442,-1.452625058,-0.014982934
63,0.05,0.413046715,-2.521550154,-1.419186415,-0.015082838
60,0.07,0.416295676,-2.476609126,-1.43282109,-0.015148626
65,0.01,0.411592045,-2.461255485,-1.390905091,-0.01515213
65,0.01,0.411592045,-2.461255485,-1.390905091,-0.01515213
65,0.009,0.411696297,-2.469374358,-1.402960811,-0.015425908
66,0.07,0.40832328,-2.483850835,-1.419431387,-0.015874444
64,0.1,0.410643801,-2.62899202,-1.488250988,-0.016031157
61,0.09,0.420138983,-2.600663526,-1.507263484,-0.016134655
65,0.03,0.408482588,-2.487308658,-1.435487496,-0.016270975
63,0.07,0.408645392,-2.497953427,-1.44310993,-0.016668731
67,0.009,0.416463474,-2.508461856,-1.467990801,-0.016953727
67,0.01,0.416463474,-2.508384247,-1.467990801,-0.016953727
65,0.05,0.407200769,-2.519130028,-1.463083456,-0.017030821
65,0.05,0.407200769,-2.519130028,-1.463083456,-0.017030821
69,0.09,0.412998369,-2.595527385,-1.530420275,-0.017704727
68,0.05,0.413555241,-2.50404995,-1.480084919,-0.017712789
64,0.09,0.412091255,-2.661992222,-1.541887085,-0.018227977
63,0.09,0.410497049,-2.572862014,-1.543529224,-0.018964047
66,0.1,0.410214974,-2.562504991,-1.522245951,-0.019077994
70,0.001,0.414871471,-2.536689876,-1.545751377,-0.019349672
63,0.1,0.409892653,-2.581724312,-1.546317164,-0.019446251
75,0.001,0.410639093,-2.49596588,-1.494573791,-0.019600193
67,0.05,0.408968589,-2.53857946,-1.516141506,-0.019818091
60,0.09,0.415382777,-2.510847511,-1.567831257,-0.020125911
70,0.01,0.417257472,-2.518216692,-1.565365218,-0.020348128
65,0.1,0.413278481,-2.632724572,-1.597889686,-0.02040372
65,0.1,0.413278481,-2.632724572,-1.597889686,-0.02040372
67,0.03,0.409790258,-2.566551432,-1.542265853,-0.020556742
68,0.07,0.416657274,-2.562005438,-1.577202586,-0.020617512
70,0.005,0.415313734,-2.536677946,-1.576782868,-0.020659458
66,0.09,0.407167611,-2.542864057,-1.543160551,-0.020661628
65,0.07,0.406309646,-2.53649256,-1.555828782,-0.020831452
75,0.01,0.412755351,-2.564896283,-1.552049916,-0.021168854
75,0.005,0.410949393,-2.549124059,-1.558469458,-0.02190953
68,0.09,0.414108672,-2.621558276,-1.622535158,-0.022203834
65,0.09,0.409622538,-2.613067305,-1.619669633,-0.022205576
61,0.2,0.428977306,-2.782029994,-1.714968356,-0.022553982
67,0.07,0.407280718,-2.583640528,-1.608376723,-0.022911625
62,0.2,0.418553234,-2.725129093,-1.689391921,-0.022995726
70,0.05,0.412034213,-2.558813404,-1.666381929,-0.023989914
67,0.09,0.406562026,-2.589084217,-1.639100397,-0.02435055
68,0.1,0.41480535,-2.655801684,-1.676208368,-0.024496532
80,0.001,0.401788304,-2.630700439,-1.639751791,-0.024645334
63,0.2,0.418413718,-2.80490757,-1.751212056,-0.024999199
67,0.1,0.406959531,-2.626186271,-1.678853397,-0.025499787
80,0.005,0.402331935,-2.625782529,-1.661655383,-0.025674997
75,0.05,0.40434952,-2.581024674,-1.645302088,-0.025908848
80,0.05,0.400225522,-2.607689589,-1.675754595,-0.026571474
80,0.01,0.400883959,-2.650386908,-1.691368365,-0.026834003
61,0.3,0.427192825,-2.91202374,-1.885592598,-0.028454427
70,0.1,0.408042416,-2.688184585,-1.823667246,-0.029018604
35,1,0.444494057,-3.442420428,-1.983660423,-0.02957844
60,0.2,0.415897306,-2.740527102,-1.850928151,-0.030016228
65,0.2,0.412698838,-2.874956212,-1.899678448,-0.0311589
64,0.2,0.411116409,-2.881642524,-1.917920675,-0.031570327
62,0.3,0.416757576,-2.951531773,-1.982297736,-0.033029143
69,0.2,0.414662921,-2.954492907,-1.999840283,-0.034311863
85,0.001,0.395735415,-2.671336858,-1.859828644,-0.034814084
85,0.005,0.392587864,-2.717732008,-1.868966694,-0.035011475
75,0.1,0.404340996,-2.79461335,-1.938215216,-0.035258849
68,0.2,0.412539374,-2.8340677,-2.008362345,-0.035316204
63,0.3,0.422470328,-3.038412195,-2.031657187,-0.035351429
85,0.01,0.394325715,-2.727129897,-1.902748056,-0.036492275
66,0.2,0.413393081,-2.951761983,-2.082618908,-0.037797007
80,0.1,0.394190448,-2.854348323,-1.993995316,-0.037923924
85,0.05,0.393599695,-2.809542242,-1.9991018,-0.039901102
90,0.001,0.396035035,-2.766474032,-2.006526364,-0.039940347
90,0.001,0.396035035,-2.766474032,-2.006526364,-0.039940347
90,0.001,0.396035035,-2.766474032,-2.006526364,-0.039940347
50,0.5,0.406138216,-3.049480509,-2.146614652,-0.040062006
60,0.3,0.413041965,-2.953740036,-2.165813831,-0.040278739
66,0.3,0.409123356,-3.05502156,-2.191685588,-0.040303885
40,1,0.439770293,-3.714183478,-2.322155457,-0.040618139
90,0.005,0.39471822,-2.773281736,-2.035286248,-0.040994451
90,0.005,0.39471822,-2.773281736,-2.035286248,-0.040994451
90,0.005,0.39471822,-2.773281736,-2.035286248,-0.040994451
61,0.4,0.43259404,-3.258707592,-2.274072039,-0.041877623
90,0.01,0.395431394,-2.802674189,-2.082658299,-0.042395117
90,0.01,0.395431394,-2.802674189,-2.082658299,-0.042395117
68,0.3,0.415431276,-3.013288137,-2.283172659,-0.044790868
85,0.1,0.395059618,-3.031425992,-2.199779559,-0.045557277
55,0.5,0.431960299,-3.372425463,-2.367866667,-0.046290164
63,0.4,0.432974091,-3.443990428,-2.398048067,-0.046449515
65,0.3,0.411076263,-3.101462566,-2.336745411,-0.046723724
67,0.2,0.405131769,-3.106979035,-2.287271771,-0.046988951
69,0.3,0.411844787,-3.243154249,-2.339364751,-0.047296699
95,0.001,0.393530492,-2.8922989,-2.201380891,-0.048012687
95,0.001,0.393530492,-2.8922989,-2.201380891,-0.048012687
64,0.3,0.41514918,-3.2479433,-2.353253534,-0.048024884
95,0.005,0.39367913,-2.883923798,-2.223841929,-0.049121698
95,0.005,0.39367913,-2.883923798,-2.223841929,-0.049121698
62,0.4,0.419694046,-3.31967342,-2.42570748,-0.049465985
95,0.01,0.392867895,-2.915321517,-2.246939476,-0.049575966
95,0.01,0.392867895,-2.915321517,-2.246939476,-0.049575966
67,0.3,0.410668121,-3.292930968,-2.419014816,-0.049648806
61,0.5,0.437117386,-3.414850957,-2.502150065,-0.050132217
90,0.05,0.389111494,-2.918879403,-2.285953147,-0.050305465
90,0.05,0.389111494,-2.918879403,-2.285953147,-0.050305465
66,0.4,0.426677799,-3.497833299,-2.549000029,-0.051754927
45,1,0.450154837,-4.403235975,-2.611418779,-0.051979523
100,0.001,0.388994532,-2.895662836,-2.294200036,-0.052071833
100,0.001,0.388994532,-2.895662836,-2.294200036,-0.052071833
100,0.005,0.38758765,-2.904611753,-2.302252172,-0.05286811
100,0.005,0.38758765,-2.904611753,-2.302252172,-0.05286811
100,0.01,0.387830626,-2.923459642,-2.322227309,-0.053487691
95,0.05,0.390485136,-2.956347143,-2.366571149,-0.054220384
95,0.05,0.390485136,-2.956347143,-2.366571149,-0.054220384
60,0.4,0.414142911,-3.190756984,-2.552344356,-0.054688185
90,0.1,0.389996297,-3.148746423,-2.435858545,-0.054818279
90,0.1,0.389996297,-3.148746423,-2.435858545,-0.054818279
95,0.1,0.389273572,-3.144610514,-2.516372677,-0.05819672
63,0.5,0.432285272,-3.845757663,-2.725674389,-0.058258916
69,0.4,0.419327009,-3.524589732,-2.67398669,-0.058362478
100,0.05,0.387676319,-3.054203466,-2.479417224,-0.058986317
110,0.001,0.393224145,-3.070703322,-2.494798391,-0.059460415
110,0.001,0.393224145,-3.070703322,-2.494798391,-0.059460415
61,0.6,0.434251358,-3.805804776,-2.745021644,-0.059573055
68,0.4,0.422218614,-3.424232765,-2.703021135,-0.060431127
65,0.4,0.413513373,-3.382119798,-2.710095288,-0.060490967
110,0.005,0.394616162,-3.085727913,-2.527194018,-0.060765081
64,0.4,0.420061347,-3.622823084,-2.739283729,-0.06102381
115,0.005,0.390492495,-2.978254055,-2.526276963,-0.061348012
115,0.001,0.388593371,-2.998861286,-2.538022323,-0.062226883
110,0.01,0.391243657,-3.093402356,-2.561904873,-0.062256626
120,0.005,0.387914464,-3.014911825,-2.539049053,-0.062268353
105,0.001,0.384598411,-3.065606382,-2.549072265,-0.062668221
105,0.001,0.384598411,-3.065606382,-2.549072265,-0.062668221
115,0.01,0.389006079,-3.049826052,-2.562610941,-0.062736214
120,0.001,0.389015748,-3.055896577,-2.546282596,-0.062838683
64,0.5,0.432599559,-3.913609607,-2.864398931,-0.063822421
66,0.5,0.431451804,-3.921321756,-2.881542284,-0.064195633
105,0.005,0.383922348,-3.097529494,-2.60273929,-0.064543993
63,0.6,0.441465388,-4.175297203,-2.924361974,-0.065131364
110,0.05,0.390895925,-3.167910855,-2.644680483,-0.065304731
120,0.01,0.388827733,-3.097883977,-2.629064004,-0.065366072
105,0.01,0.38121218,-3.0980506,-2.62064169,-0.065411175
100,0.1,0.382072568,-3.177752873,-2.64336138,-0.065447622
125,0.001,0.39032908,-3.13875636,-2.628255269,-0.065585775
67,0.4,0.416556277,-3.728251253,-2.860417625,-0.065607417
70,0.5,0.429040247,-3.87203048,-2.93248878,-0.066344817
60,0.5,0.422671361,-3.503108823,-2.862977753,-0.066456914
60,0.5,0.422671361,-3.503108823,-2.862977753,-0.066456914
125,0.005,0.389022824,-3.177627768,-2.664028195,-0.066921955
50,1,0.444047735,-4.968825188,-3.03073852,-0.067027778
62,0.5,0.427713086,-3.77666322,-2.897929325,-0.067200453
115,0.05,0.390960201,-3.144329188,-2.677553654,-0.06770184
105,0.05,0.381715173,-3.177912235,-2.712084671,-0.068819686
125,0.01,0.389407049,-3.206076258,-2.719072575,-0.069277731
64,0.6,0.438573717,-4.328265911,-3.013842124,-0.069301725
130,0.01,0.384918318,-3.194264177,-2.747778572,-0.070869078
68,0.5,0.427748506,-3.772703694,-3.006003932,-0.071006857
130,0.001,0.388070807,-3.206371836,-2.751563958,-0.071054389
65,0.5,0.418771008,-3.837142444,-3.03786753,-0.071410855
65,0.5,0.418771008,-3.837142444,-3.03786753,-0.071410855
130,0.005,0.388167882,-3.218046629,-2.777757654,-0.071823776
120,0.05,0.388845764,-3.210681972,-2.814179988,-0.072512381
62,0.6,0.441303189,-4.092164052,-3.087969552,-0.073639434
69,0.5,0.426553927,-4.100610585,-3.070777575,-0.073671638
135,0.001,0.382346222,-3.279653712,-2.83622315,-0.07374362
67,0.5,0.424369203,-4.130657211,-3.114441433,-0.073824964
75,0.5,0.432703747,-4.450715617,-3.160341889,-0.074131727
135,0.01,0.381319305,-3.27932664,-2.84064262,-0.074164808
125,0.05,0.387939427,-3.300702404,-2.841200081,-0.074186955
61,0.7,0.442818918,-4.477029694,-3.126139768,-0.07455057
130,0.05,0.38775248,-3.306004709,-2.868374823,-0.074598578
140,0.001,0.389036814,-3.330768702,-2.877527811,-0.074903017
135,0.005,0.383333056,-3.28856899,-2.883570099,-0.075269038
66,0.6,0.44720521,-4.398827541,-3.181714344,-0.075422148
110,0.1,0.392898611,-3.494312855,-2.962471021,-0.075864693
65,0.6,0.435724464,-4.163226807,-3.182663884,-0.075900572
105,0.1,0.383340704,-3.448916789,-2.948722956,-0.077290769
140,0.005,0.386616266,-3.376725915,-2.947671575,-0.077336643
115,0.1,0.386335883,-3.438384451,-2.971891977,-0.077396379
67,0.6,0.442073399,-4.551224136,-3.246982189,-0.077421194
64,0.7,0.448103185,-4.821941943,-3.229548725,-0.077456698
145,0.001,0.388784431,-3.373446673,-2.970090078,-0.078468721
135,0.05,0.379078624,-3.357222693,-2.959832563,-0.078722135
145,0.005,0.390776009,-3.387981603,-2.976960031,-0.078855311
140,0.01,0.384630426,-3.391407076,-3.003761247,-0.080037582
145,0.01,0.388659485,-3.43596067,-3.019584515,-0.080367156
69,0.6,0.43596827,-4.462189711,-3.270843941,-0.080626732
63,0.7,0.449127123,-4.788878368,-3.348025221,-0.081476527
60,0.6,0.429495103,-4.013105279,-3.274962483,-0.081477768
68,0.6,0.440195114,-4.283883963,-3.319858801,-0.082141054
62,0.7,0.450732388,-4.685103277,-3.366683671,-0.082366895
66,0.7,0.454240342,-4.910412493,-3.435573274,-0.083476641
120,0.1,0.39159957,-3.544851691,-3.13474128,-0.083673839
130,0.1,0.393553256,-3.838353392,-3.152439195,-0.083779296
65,0.7,0.454313815,-4.833004583,-3.432689331,-0.084044087
125,0.1,0.39265304,-3.685313176,-3.135128944,-0.084166006
67,0.7,0.459419604,-4.978443987,-3.439715467,-0.084596003
55,1,0.463157077,-5.599344324,-3.463380015,-0.084641492
80,0.5,0.422496869,-4.697784904,-3.435173408,-0.085029467
140,0.05,0.382386402,-3.548648905,-3.127120623,-0.085063409
69,0.7,0.445844483,-4.893317857,-3.413302936,-0.085360367
145,0.05,0.384603885,-3.53273605,-3.143815873,-0.085455126
85,0.5,0.430970079,-4.880526208,-3.495749093,-0.087200337
61,0.8,0.453347094,-5.099004061,-3.481542646,-0.087931842
150,0.001,0.385470705,-3.499809467,-3.170541771,-0.088096802
61,0.9,0.462965767,-5.5597927,-3.563124174,-0.088412355
68,0.7,0.448034855,-4.69819457,-3.528021705,-0.08892787
150,0.005,0.382175904,-3.526889873,-3.217093746,-0.090043086
66,0.9,0.463565604,-5.862828514,-3.618151541,-0.090474049
63,0.8,0.464098892,-5.283934232,-3.632157805,-0.090953509
62,0.8,0.46791841,-5.278863095,-3.634435587,-0.091313569
150,0.01,0.384070493,-3.578220295,-3.268602049,-0.091404454
60,0.7,0.449629255,-4.62062808,-3.562203885,-0.091496994
160,0.01,0.385835684,-3.672300049,-3.305098575,-0.092271603
160,0.01,0.385835684,-3.672300049,-3.305098575,-0.092271603
160,0.001,0.386238297,-3.714080468,-3.300280251,-0.092298451
160,0.001,0.386238297,-3.714080468,-3.300280251,-0.092298451
66,1,0.476193288,-6.515900323,-3.689409428,-0.09260073
65,0.8,0.458796804,-5.380433844,-3.675241116,-0.092957345
66,0.8,0.456862641,-5.602384484,-3.663492826,-0.093903599
160,0.005,0.385009034,-3.729911666,-3.338693204,-0.093937731
160,0.005,0.385009034,-3.729911666,-3.338693204,-0.093937731
64,0.8,0.452976916,-5.477606526,-3.675596484,-0.094269456
135,0.1,0.384718356,-3.843295133,-3.359950715,-0.094441368
63,0.9,0.471371895,-5.900587789,-3.748504806,-0.094831601
155,0.001,0.381004179,-3.619277312,-3.357172075,-0.094884481
155,0.001,0.381004179,-3.619277312,-3.357172075,-0.094884481
155,0.001,0.381004179,-3.619277312,-3.357172075,-0.094884481
155,0.001,0.381004179,-3.619277312,-3.357172075,-0.094884481
63,1,0.466849629,-6.20634661,-3.769427244,-0.09508607
69,0.9,0.466568802,-6.276255546,-3.769481087,-0.09510938
67,0.8,0.461683297,-5.643260646,-3.718552042,-0.095268536
155,0.01,0.381368528,-3.633120866,-3.38838873,-0.095692687
155,0.01,0.381368528,-3.633120866,-3.38838873,-0.095692687
155,0.01,0.381368528,-3.633120866,-3.38838873,-0.095692687
62,0.9,0.469250417,-5.896478874,-3.748792897,-0.095764853
64,0.9,0.46250864,-5.99168547,-3.735266981,-0.095956595
80,1,0.472366058,-7.528796619,-3.862595557,-0.096224507
69,0.8,0.462539038,-5.659572877,-3.769066376,-0.096234312
145,0.1,0.391906106,-4.077493422,-3.475961999,-0.096268793
85,1,0.476479578,-8.161731711,-3.780738784,-0.096503427
115,1,0.458934863,-9.661582786,-3.70967014,-0.097211037
155,0.005,0.381884222,-3.656695294,-3.425144023,-0.097310614
155,0.005,0.381884222,-3.656695294,-3.425144023,-0.097310614
155,0.005,0.381884222,-3.656695294,-3.425144023,-0.097310614
67,1,0.480598066,-6.775179615,-3.808144335,-0.097318176
155,0.05,0.380173247,-3.753785441,-3.450827071,-0.097580389
155,0.05,0.380173247,-3.753785441,-3.450827071,-0.097580389
155,0.05,0.380173247,-3.753785441,-3.450827071,-0.097580389
150,0.05,0.385186878,-3.709465422,-3.432610165,-0.098076821
61,1,0.466155738,-6.106222045,-3.747748183,-0.098174325
68,0.8,0.44863634,-5.284585526,-3.791381408,-0.098316972
67,0.9,0.469205133,-6.146193063,-3.799910787,-0.098412158
60,1,0.471339645,-6.148816296,-3.806195269,-0.098541307
60,1,0.471339645,-6.148816296,-3.806195269,-0.098541307
160,0.05,0.385779506,-3.858768605,-3.462840227,-0.098693306
160,0.05,0.385779506,-3.858768605,-3.462840227,-0.098693306
170,0.01,0.376519866,-3.751985038,-3.419052967,-0.099208888
145,1,0.430139669,-10.10647368,-3.747889508,-0.09969437
170,0.001,0.377261116,-3.775620722,-3.427381023,-0.099698186
110,1,0.457054269,-8.936459546,-3.839892803,-0.099751219
140,0.1,0.381730094,-3.981249869,-3.524201131,-0.099994356
175,0.005,0.381102929,-3.854618642,-3.488523063,-0.100057287
120,1,0.44580645,-9.278822251,-3.7943986,-0.100093112
90,0.5,0.43498743,-5.282189598,-3.773728507,-0.100120746
90,0.5,0.43498743,-5.282189598,-3.773728507,-0.100120746
175,0.01,0.383516646,-3.904338602,-3.504830701,-0.101139236
170,0.005,0.380669689,-3.857738767,-3.478959998,-0.101196418
60,0.8,0.455029743,-5.082996348,-3.827701222,-0.10126184
175,0.001,0.381060454,-3.843659377,-3.515490012,-0.101270606
165,0.01,0.38162555,-3.73241879,-3.498683946,-0.101377273
64,1,0.464062355,-6.37214627,-3.893663805,-0.101749224
105,1,0.449358713,-9.097999468,-3.848483131,-0.101768648
165,0.001,0.379320755,-3.740446138,-3.507704324,-0.101837509
65,0.9,0.467808479,-6.349779615,-3.876122166,-0.101879457
180,0.001,0.38062861,-3.800182028,-3.519021581,-0.102096897
165,0.005,0.381544022,-3.740047385,-3.530885508,-0.102117063
62,1,0.472105802,-6.430386721,-3.894603095,-0.102322829
240,1,0.414440495,-11.23936633,-3.603802822,-0.102372456
180,0.005,0.384824695,-3.847689728,-3.542877467,-0.102622212
70,1,0.473063709,-7.21978625,-3.905487321,-0.102813953
180,1,0.427573525,-10.6491381,-3.722460727,-0.103378331
175,1,0.430216067,-10.27182208,-3.79779813,-0.103488717
68,0.9,0.458960655,-5.863832284,-3.936835174,-0.103506482
185,0.001,0.386767268,-3.912256627,-3.592316894,-0.103935937
180,0.01,0.38803244,-3.902651809,-3.584759025,-0.103986293
185,0.005,0.387062036,-3.933998674,-3.594935653,-0.104100055
235,1,0.415493798,-11.07947821,-3.616849396,-0.10427611
210,1,0.418719743,-10.90222646,-3.679032613,-0.104402405
225,1,0.414499615,-10.99925925,-3.671648337,-0.104425553
230,1,0.410057569,-11.44378938,-3.606800846,-0.104502543
65,1,0.472425199,-6.730615075,-3.945755707,-0.104511729
65,1,0.472425199,-6.730615075,-3.945755707,-0.104511729
130,1,0.437740662,-9.55310017,-3.850756985,-0.105468525
60,0.9,0.457825164,-5.701072993,-3.934301057,-0.105641873
100,1,0.454487643,-8.689932206,-3.977085819,-0.10564692
110,0.5,0.443800451,-5.805781043,-3.925733908,-0.105736322
95,1,0.4730776,-8.982756733,-3.974930537,-0.105736852
125,1,0.447926541,-9.954889634,-3.899923534,-0.106045565
185,0.01,0.38514744,-4.00316548,-3.65127066,-0.106620618
68,1,0.464859068,-6.509294867,-4.014613653,-0.106622856
75,1,0.464547375,-7.543251953,-4.021147846,-0.10677913
100,0.5,0.431913252,-5.56276085,-3.942346343,-0.107096476
140,1,0.441232993,-10.24882241,-3.904159168,-0.107277108
90,1,0.454938547,-8.33098125,-3.956211235,-0.107607265
90,1,0.454938547,-8.33098125,-3.956211235,-0.107607265
220,1,0.420037194,-10.9697985,-3.769812506,-0.107943188
150,0.1,0.38846894,-4.216339515,-3.711170741,-0.108050929
195,0.001,0.388797438,-4.062479256,-3.714511105,-0.108135786
185,1,0.423557717,-11.01547092,-3.769956512,-0.108176851
170,0.05,0.381862789,-4.021254043,-3.684975618,-0.108508706
205,1,0.430926907,-10.61808919,-3.759211281,-0.108748731
195,0.005,0.387910272,-4.051923763,-3.70961061,-0.10876145
175,0.05,0.386365475,-4.127466147,-3.710451003,-0.108915769
165,0.05,0.384754543,-3.989860978,-3.709546987,-0.109375995
190,1,0.429705845,-10.89724623,-3.890385839,-0.109413278
200,1,0.417181844,-10.91901883,-3.824325939,-0.109537184
180,0.05,0.38411658,-4.088343716,-3.7496564,-0.109796771
160,0.1,0.389271942,-4.41410724,-3.790397293,-0.109918479
160,0.1,0.389271942,-4.41410724,-3.790397293,-0.109918479
195,1,0.424466907,-11.0933159,-3.846342656,-0.110497397
195,0.01,0.385383744,-4.108919949,-3.758644609,-0.110512687
205,0.001,0.394964325,-4.228162027,-3.766670796,-0.110951732
155,0.1,0.390199552,-4.437560968,-3.815562543,-0.110964286
155,0.1,0.390199552,-4.437560968,-3.815562543,-0.110964286
155,0.1,0.390199552,-4.437560968,-3.815562543,-0.110964286
150,1,0.439621834,-10.17618228,-4.013812159,-0.111197321
160,1,0.435729971,-10.57945658,-3.939021697,-0.111291551
170,1,0.421738777,-10.40212178,-3.884066663,-0.111353464
200,0.001,0.3838831,-4.104542374,-3.774775037,-0.11160324
190,0.01,0.388501184,-4.197091035,-3.783407975,-0.111697403
155,1,0.439854847,-10.4783357,-3.96637578,-0.111847715
155,1,0.439854847,-10.4783357,-3.96637578,-0.111847715
155,1,0.439854847,-10.4783357,-3.96637578,-0.111847715
205,0.005,0.393691297,-4.243948725,-3.789406195,-0.111855869
165,1,0.435186872,-10.48686336,-3.989555178,-0.111954194
190,0.005,0.38898404,-4.191058916,-3.793162029,-0.112142414
200,0.005,0.386980472,-4.174562944,-3.798810393,-0.112325027
135,1,0.444921601,-10.12984263,-4.019271932,-0.112519803
190,0.001,0.385008805,-4.154245291,-3.789459223,-0.112590724
185,0.05,0.386576322,-4.18740022,-3.809498446,-0.11278971
205,0.01,0.393146943,-4.263706903,-3.814108217,-0.112882862
200,0.01,0.389799213,-4.224489902,-3.820286522,-0.113098459
95,0.5,0.438778898,-5.6101338,-4.100102306,-0.113797485
215,1,0.41530693,-11.37107656,-3.897891242,-0.114349781
195,0.05,0.388105374,-4.335543981,-3.903101877,-0.116003215
105,0.5,0.43670192,-6.199332545,-4.137484557,-0.116065494
200,0.05,0.390346831,-4.374193241,-3.912504632,-0.116549895
205,0.05,0.391753505,-4.374022533,-3.949379111,-0.117512578
230,0.001,0.379314997,-4.353237836,-3.9097413,-0.118144735
210,0.005,0.380317455,-4.308244398,-3.919814915,-0.118541979
230,0.005,0.380507749,-4.406961037,-3.919520006,-0.118700613
220,0.001,0.395693477,-4.390120886,-3.963388411,-0.118993914
175,0.1,0.390848006,-4.868641584,-4.007356239,-0.119369368
220,0.005,0.39385902,-4.384730979,-3.975759811,-0.11943861
180,0.1,0.391593335,-4.844297029,-4.021438051,-0.119628171
210,0.01,0.382849888,-4.40772417,-3.958997906,-0.120041672
190,0.05,0.380195362,-4.34659744,-3.97555531,-0.120103015
120,0.5,0.439744574,-6.610602273,-4.279632955,-0.120326903
165,0.1,0.390217334,-4.569541476,-4.045229107,-0.120978445
210,0.001,0.382914647,-4.34509376,-4.001996823,-0.121145104
185,0.1,0.386407871,-4.77603945,-4.060599743,-0.121390635
240,0.005,0.394474822,-4.528292817,-4.006487426,-0.121585644
235,0.001,0.392660685,-4.646504709,-4.033188391,-0.122349211
115,0.5,0.439979462,-6.457367767,-4.266075888,-0.12237847
230,0.01,0.3806259,-4.456386674,-4.021434524,-0.12289041
170,0.1,0.393893585,-4.767015527,-4.10075545,-0.123086768
220,0.01,0.396747014,-4.483536793,-4.078866756,-0.123194865
235,0.005,0.392494268,-4.58721938,-4.045927544,-0.123282788
210,0.05,0.381001603,-4.514134174,-4.064996828,-0.123549408
240,0.001,0.39428435,-4.582740268,-4.063520683,-0.123613942
215,0.001,0.385262786,-4.538058935,-4.079505746,-0.124146079
235,0.01,0.389926781,-4.645462402,-4.066311999,-0.124313827
220,0.05,0.395954105,-4.62680013,-4.129153542,-0.124447214
215,0.005,0.385220428,-4.494637821,-4.10421647,-0.125088615
145,0.5,0.444243034,-7.632728043,-4.361577037,-0.125737664
135,0.5,0.437422739,-7.111511047,-4.347447574,-0.125970151
230,0.05,0.385852843,-4.654171165,-4.139402021,-0.126195615
215,0.01,0.382274752,-4.539143796,-4.126078051,-0.126345115
240,0.01,0.398449677,-4.653552032,-4.144919403,-0.126388706
125,0.5,0.450837057,-6.913647353,-4.381205023,-0.126663025
205,0.1,0.406560725,-5.335161035,-4.250233739,-0.126877414
225,0.001,0.38142306,-4.55093576,-4.160190943,-0.127332552
225,0.005,0.383879731,-4.57510774,-4.176876145,-0.128143506
130,0.5,0.451099452,-7.262420798,-4.392824316,-0.128158718
170,0.5,0.447054072,-8.441242186,-4.384121294,-0.128560478
240,0.05,0.402160363,-4.885266972,-4.222576079,-0.128869838
190,0.1,0.392854359,-5.039582801,-4.301791066,-0.130239118
225,0.01,0.386150171,-4.67977266,-4.249726827,-0.130705616
225,0.05,0.391522491,-4.804181552,-4.300248799,-0.132032926
235,0.05,0.387220371,-4.806629971,-4.258198407,-0.133051915
175,0.5,0.4415083,-8.449258877,-4.505813744,-0.133236213
195,0.5,0.448663264,-8.810273576,-4.505743314,-0.133237447
225,0.5,0.440249172,-9.476353533,-4.465187177,-0.133463041
235,0.5,0.439377999,-9.699638196,-4.388746585,-0.133675072
155,0.5,0.448185247,-7.725213495,-4.561919181,-0.133900125
155,0.5,0.448185247,-7.725213495,-4.561919181,-0.133900125
155,0.5,0.448185247,-7.725213495,-4.561919181,-0.133900125
220,0.1,0.397165252,-5.403394516,-4.411521062,-0.134183223
195,0.1,0.397335749,-5.22379363,-4.401185927,-0.134265527
140,0.5,0.442632663,-7.577122369,-4.577708388,-0.134706446
200,0.1,0.393315666,-5.422051976,-4.379738536,-0.134770887
165,0.5,0.452342584,-8.182959028,-4.599645158,-0.134949191
220,0.5,0.446036944,-9.221451516,-4.484114229,-0.135401471
215,0.05,0.384793397,-4.778462605,-4.352516264,-0.135704985
180,0.5,0.4466226,-8.687159179,-4.556012386,-0.136756393
230,0.5,0.442340387,-9.839270728,-4.507059524,-0.137364898
240,0.5,0.439753918,-9.871317525,-4.54038034,-0.13758685
200,0.5,0.431831498,-8.98913199,-4.568802413,-0.139022967
210,0.1,0.392469847,-5.612784245,-4.502824319,-0.139036157
230,0.1,0.400620192,-5.822947991,-4.521325337,-0.139461644
160,0.5,0.449392849,-7.961503039,-4.696634774,-0.139578561
160,0.5,0.449392849,-7.961503039,-4.696634774,-0.139578561
205,0.5,0.441132187,-9.126615557,-4.604027595,-0.139635016
190,0.5,0.447120493,-8.877173771,-4.68488679,-0.141560959
185,0.5,0.443637732,-9.034792149,-4.68051653,-0.141627744
235,0.1,0.399427917,-5.813189669,-4.57733014,-0.142278003
150,0.5,0.443682458,-7.803464566,-4.792091266,-0.143806718
225,0.1,0.400969008,-5.77447921,-4.63868995,-0.144006087
215,0.5,0.450553917,-9.472118163,-4.745563246,-0.144587181
215,0.1,0.394451187,-5.699043422,-4.626860604,-0.144860131
210,0.5,0.440193623,-9.413973586,-4.7336414,-0.144903947
240,0.1,0.41519048,-6.074648094,-4.682677594,-0.145059566
